{
    "pair": "180_270",
    "fitness": 0.7078830339618891,
    "rmse": 0.00363730845389173,
    "matrix": [
        [
            0.05927586016169503,
            0.0011785899567947568,
            -0.9982409445258328,
            -0.0016209374362348027
        ],
        [
            0.016967725102080874,
            0.9998536436765857,
            0.002188042851870907,
            0.0008634942147166412
        ],
        [
            0.9980974244566326,
            -0.017067576054470984,
            0.0592471867743428,
            0.005784376156790742
        ],
        [
            0.0,
            0.0,
            0.0,
            1.0
        ]
    ]
}