{
    "pair": "090_180",
    "fitness": 0.6421541196221073,
    "rmse": 0.004471005442580185,
    "matrix": [
        [
            -0.6911192694803889,
            -0.43795029037557875,
            0.5749379953637169,
            0.06939790782396002
        ],
        [
            0.7040925225876852,
            -0.5875233358742556,
            0.39883586779438196,
            0.14837240790026385
        ],
        [
            0.16311920484420406,
            0.6804526970797762,
            0.7144062234106467,
            -0.07499574549456296
        ],
        [
            0.0,
            0.0,
            0.0,
            1.0
        ]
    ]
}