{
    "pair": "180_270",
    "fitness": 0.7160815880350798,
    "rmse": 0.00473249967003669,
    "matrix": [
        [
            0.19115568162570737,
            -0.06424100115696289,
            -0.9794552563300539,
            0.0028308017742386003
        ],
        [
            0.16914649600844223,
            0.9850842536780535,
            -0.031598671548416786,
            -0.0014485799077435372
        ],
        [
            0.9668758804884338,
            -0.1596311590069746,
            0.19917059221635292,
            0.028122578757458425
        ],
        [
            0.0,
            0.0,
            0.0,
            1.0
        ]
    ]
}