{
    "pair": "045_090",
    "fitness": 0.8029777788862009,
    "rmse": 0.002510066521518731,
    "matrix": [
        [
            0.584361408783697,
            0.03579352016406566,
            -0.8107037485040992,
            0.0074146819135568
        ],
        [
            -0.022196771072346883,
            0.9993579876968974,
            0.028123224928379986,
            9.885576018320066e-05
        ],
        [
            0.8111898959419412,
            0.00156087817435262,
            0.584780742142752,
            -0.05274839918744036
        ],
        [
            0.0,
            0.0,
            0.0,
            1.0
        ]
    ]
}