{
    "pair": "045_090",
    "fitness": 0.6423173803526449,
    "rmse": 0.004280551491433688,
    "matrix": [
        [
            0.9265339333485201,
            0.2822013230190421,
            -0.24879164704633655,
            -0.049168491955187764
        ],
        [
            -0.3115686125422149,
            0.9462300752489806,
            -0.08702668770458151,
            0.018695831491906362
        ],
        [
            0.21085509249777837,
            0.1581488475475376,
            0.9646393481437228,
            -0.06489436093032273
        ],
        [
            0.0,
            0.0,
            0.0,
            1.0
        ]
    ]
}