{
    "pair": "000_045",
    "fitness": 0.9821144674085851,
    "rmse": 0.001348169664691359,
    "matrix": [
        [
            0.8340403080253014,
            0.011102986106239986,
            -0.5515917768500437,
            0.03645657400094897
        ],
        [
            -0.015474692852004309,
            0.9998749054591655,
            -0.0032722032585347093,
            -0.0003086473888524165
        ],
        [
            0.5514864445026735,
            0.011264862740114474,
            0.8341077894356648,
            0.038418616759632124
        ],
        [
            0.0,
            0.0,
            0.0,
            1.0
        ]
    ]
}