{
    "pair": "270_315",
    "fitness": 0.8752089839437242,
    "rmse": 0.002164296849353981,
    "matrix": [
        [
            0.7211050520357328,
            0.02631478103141269,
            -0.6923258165255842,
            0.012384107495931019
        ],
        [
            -0.022187398665580792,
            0.9996429998932509,
            0.014885970068565244,
            -0.00019466560023803786
        ],
        [
            0.6924703771779712,
            0.004626560676832331,
            0.7214314739927178,
            0.004639347064465709
        ],
        [
            0.0,
            0.0,
            0.0,
            1.0
        ]
    ]
}