{
    "pair": "000_045",
    "fitness": 0.6141941573926868,
    "rmse": 0.004557528505800725,
    "matrix": [
        [
            -0.7235075437686275,
            -0.6184393948894872,
            -0.3067075952085464,
            0.05866793685781514
        ],
        [
            0.2822591885544867,
            -0.6704901926272546,
            0.6861287430702975,
            0.16344270788326304
        ],
        [
            -0.6299734792723027,
            0.4098482846607851,
            0.6596649141603336,
            -0.025858393863655998
        ],
        [
            0.0,
            0.0,
            0.0,
            1.0
        ]
    ]
}