{
    "pair": "090_180",
    "fitness": 0.7011093189374239,
    "rmse": 0.0035906282594711895,
    "matrix": [
        [
            0.11901206237559629,
            -0.01417075091573953,
            -0.9927916794713759,
            0.003292970278192216
        ],
        [
            -0.07493287394271854,
            0.9969183781110321,
            -0.023212319728005797,
            -0.001353696294412046
        ],
        [
            0.990061206901771,
            0.07715527981255929,
            0.11758345710708125,
            -0.0031839703919549632
        ],
        [
            0.0,
            0.0,
            0.0,
            1.0
        ]
    ]
}