{
    "pair": "270_315",
    "fitness": 0.8762184158228447,
    "rmse": 0.00219131774676363,
    "matrix": [
        [
            0.7247227886541029,
            0.028995546022605654,
            -0.6884301982890361,
            0.012034597688390521
        ],
        [
            -0.025793029367700084,
            0.9995555568891688,
            0.014946850103766323,
            -0.0003218250777958179
        ],
        [
            0.6885576223101905,
            0.006924377433283999,
            0.7251485735735158,
            0.004468837367819963
        ],
        [
            0.0,
            0.0,
            0.0,
            1.0
        ]
    ]
}