{
	"class_name" : "PinholeCameraParameters",
	"extrinsic" : 
	[
		0.91824545856688133,
		0.26168397607818306,
		-0.29723185307973121,
		0.0,
		-0.2658823003075832,
		-0.1488497752386112,
		-0.95244440614377246,
		0.0,
		-0.29348233371780014,
		0.95360643930047373,
		-0.067103492608253906,
		0.0,
		0.027294101746677551,
		-0.0094049303165640308,
		0.29598546334313253,
		1.0
	],
	"intrinsic" : 
	{
		"height" : 1055,
		"intrinsic_matrix" : 
		[
			913.65680099258282,
			0.0,
			0.0,
			0.0,
			913.65680099258282,
			0.0,
			959.5,
			527.0,
			1.0
		],
		"width" : 1920
	},
	"version_major" : 1,
	"version_minor" : 0
}