{
	"class_name" : "PinholeCameraParameters",
	"extrinsic" : 
	[
		0.97680272219916464,
		0.1981056603125235,
		-0.081305530294320069,
		0.0,
		-0.012298397786767071,
		-0.32715707849967901,
		-0.94488993824647816,
		0.0,
		-0.21378772489593501,
		0.92397099161158402,
		-0.31713154265087867,
		0.0,
		0.01051742717740348,
		0.020896109474249441,
		0.32584959935473717,
		1.0
	],
	"intrinsic" : 
	{
		"height" : 1055,
		"intrinsic_matrix" : 
		[
			913.65680099258282,
			0.0,
			0.0,
			0.0,
			913.65680099258282,
			0.0,
			959.5,
			527.0,
			1.0
		],
		"width" : 1920
	},
	"version_major" : 1,
	"version_minor" : 0
}