{
	"class_name" : "PinholeCameraParameters",
	"extrinsic" : 
	[
		0.97757330398766162,
		0.092333332644508284,
		0.18927490856794932,
		0.0,
		0.17880013686259791,
		0.11097066008161942,
		-0.97760729521570477,
		0.0,
		-0.11126970112552315,
		0.98952517314306287,
		0.091972742307862537,
		0.0,
		-0.012528528910883904,
		-0.029499302965298128,
		0.32364892310513699,
		1.0
	],
	"intrinsic" : 
	{
		"height" : 1055,
		"intrinsic_matrix" : 
		[
			913.65680099258282,
			0.0,
			0.0,
			0.0,
			913.65680099258282,
			0.0,
			959.5,
			527.0,
			1.0
		],
		"width" : 1920
	},
	"version_major" : 1,
	"version_minor" : 0
}