{
    "pair": "090_180",
    "fitness": 0.31343283582089554,
    "rmse": 0.007494203023911977,
    "matrix": [
        [
            -0.7144242694799012,
            -0.5077970463638446,
            0.48139393731357416,
            0.07380583788760539
        ],
        [
            0.6179249094820944,
            -0.7806479392791015,
            0.09358205565618706,
            0.1740477095468501
        ],
        [
            0.32827849369042594,
            0.36432259688831825,
            0.871494277650116,
            -0.027730020220643973
        ],
        [
            0.0,
            0.0,
            0.0,
            1.0
        ]
    ]
}