{
    "pair": "045_090",
    "fitness": 0.40789473684210525,
    "rmse": 0.006245179647179215,
    "matrix": [
        [
            0.9283268285897893,
            0.3552448115808179,
            -0.10959207619775224,
            -0.06366940317888616
        ],
        [
            -0.36341017428284256,
            0.9292838849571522,
            -0.06606441089313247,
            0.009884807424063502
        ],
        [
            0.0783731111296389,
            0.1011562405581179,
            0.9917787406715317,
            -0.06209841118043612
        ],
        [
            0.0,
            0.0,
            0.0,
            1.0
        ]
    ]
}