{
    "pair": "090_180",
    "fitness": 0.6572224041925975,
    "rmse": 0.004445572265575614,
    "matrix": [
        [
            0.12040996021712941,
            -0.04492133343622809,
            -0.9917073738169041,
            0.00933159041736598
        ],
        [
            -0.08089404703370504,
            0.9952094945956482,
            -0.05490186719214102,
            0.004435747771826565
        ],
        [
            0.9894228593655083,
            0.08683395458566878,
            0.11619926719216372,
            -0.0029133854727526817
        ],
        [
            0.0,
            0.0,
            0.0,
            1.0
        ]
    ]
}