{
    "pair": "180_270",
    "fitness": 0.7,
    "rmse": 0.005410463514792583,
    "matrix": [
        [
            0.11283895966902308,
            -0.021670138927380067,
            -0.9933769547657539,
            -0.004366599734986924
        ],
        [
            0.039552640958026186,
            0.9990676896953299,
            -0.017301445028731904,
            0.004318037847456158
        ],
        [
            0.992825743911821,
            -0.03733840497001442,
            0.11359086996866063,
            0.00837220955240782
        ],
        [
            0.0,
            0.0,
            0.0,
            1.0
        ]
    ]
}