{
    "pair": "180_270",
    "fitness": 0.4305555555555556,
    "rmse": 0.006848117701771995,
    "matrix": [
        [
            0.6793234182642462,
            -0.2614979880022951,
            -0.6856664609476908,
            0.0024611175833331982
        ],
        [
            0.2614993779078094,
            0.9592802908323204,
            -0.10676796792337997,
            -0.00955125497021761
        ],
        [
            0.6856659308669257,
            -0.10677137205923279,
            0.7200431274284765,
            0.01033793650172881
        ],
        [
            0.0,
            0.0,
            0.0,
            1.0
        ]
    ]
}