{
    "pair": "000_045",
    "fitness": 0.4025974025974026,
    "rmse": 0.007459850963952971,
    "matrix": [
        [
            -0.7916072406250096,
            -0.5813660739154835,
            -0.1880730302041068,
            0.049314406365731145
        ],
        [
            0.35382525162662104,
            -0.6870780810373228,
            0.6346112210396436,
            0.16779309652155033
        ],
        [
            -0.49816229072604096,
            0.435817850320711,
            0.7495979812142087,
            -0.030999527288914946
        ],
        [
            0.0,
            0.0,
            0.0,
            1.0
        ]
    ]
}