{
    "pair": "000_045",
    "fitness": 0.9733408166128806,
    "rmse": 0.0038902747004087497,
    "matrix": [
        [
            0.8783674709777561,
            0.018781497861385915,
            -0.47761683519974735,
            0.03528570059830153
        ],
        [
            -0.04706605890700024,
            0.9977702319974259,
            -0.04732177341103416,
            0.001654594802129386
        ],
        [
            0.4756630866770122,
            0.06404544853371882,
            0.877292886381174,
            0.030216148538146647
        ],
        [
            0.0,
            0.0,
            0.0,
            1.0
        ]
    ]
}