{
    "pair": "270_315",
    "fitness": 0.36283185840707965,
    "rmse": 0.007602212798994489,
    "matrix": [
        [
            0.9079833226281439,
            -0.01193045959877198,
            -0.41883642387323305,
            0.008077010841180014
        ],
        [
            0.03757486879147254,
            0.9978855836828596,
            0.05303292480358626,
            -0.004003128900540609
        ],
        [
            0.4173181221376088,
            -0.06389073494397518,
            0.9065117533291333,
            0.003909281709777224
        ],
        [
            0.0,
            0.0,
            0.0,
            1.0
        ]
    ]
}