{
    "pair": "045_090",
    "fitness": 0.762198706643151,
    "rmse": 0.0036122595677954574,
    "matrix": [
        [
            0.5954360167680643,
            0.06642923723724764,
            -0.8006516760586078,
            0.0019402904218481882
        ],
        [
            -0.056330149083679365,
            0.9975751079123631,
            0.04087564528966364,
            0.0032389907209465496
        ],
        [
            0.8014255200825532,
            0.02076199686237784,
            0.5977341175193989,
            -0.05593550453221495
        ],
        [
            0.0,
            0.0,
            0.0,
            1.0
        ]
    ]
}