{
    "pair": "270_315",
    "fitness": 0.8336420272773194,
    "rmse": 0.0031086451271370276,
    "matrix": [
        [
            0.7559868051597031,
            0.0050156171385582135,
            -0.6545676389870987,
            0.01064292998203404
        ],
        [
            0.0008027139367046861,
            0.9999627891766131,
            0.008589290568170094,
            9.553721182087305e-05
        ],
        [
            0.6545863625792714,
            -0.007018820901550038,
            0.7559546481624351,
            0.0033576001701991626
        ],
        [
            0.0,
            0.0,
            0.0,
            1.0
        ]
    ]
}