{
	"class_name" : "PinholeCameraParameters",
	"extrinsic" : 
	[
		-0.72118444667148074,
		-0.68840226673653637,
		0.077429406759635236,
		0.0,
		0.34928903581808945,
		-0.4578751816391845,
		-0.81752522132112437,
		0.0,
		0.59823921915603284,
		-0.56254123154741509,
		0.57066382351845102,
		0.0,
		-0.03193815758004652,
		0.029123190411672342,
		0.41301709929464414,
		1.0
	],
	"intrinsic" : 
	{
		"height" : 1055,
		"intrinsic_matrix" : 
		[
			913.65680099258282,
			0.0,
			0.0,
			0.0,
			913.65680099258282,
			0.0,
			959.5,
			527.0,
			1.0
		],
		"width" : 1920
	},
	"version_major" : 1,
	"version_minor" : 0
}