{
    "pair": "180_270",
    "fitness": 0.6567538694690815,
    "rmse": 0.003343260553513942,
    "matrix": [
        [
            0.009148206720516167,
            -0.001329833496068289,
            -0.9999572700154145,
            -0.0013260011417472193
        ],
        [
            -0.009309950654063417,
            0.9999556603077561,
            -0.0014150043479151217,
            0.00048375931058148355
        ],
        [
            0.9999148139379795,
            0.009322497592299925,
            0.009135420407618309,
            -0.001876473665845573
        ],
        [
            0.0,
            0.0,
            0.0,
            1.0
        ]
    ]
}