{
    "pair": "270_315",
    "fitness": 0.8726854042459229,
    "rmse": 0.0021993217406290665,
    "matrix": [
        [
            0.7112886163611012,
            0.02466851324620391,
            -0.7024670587930347,
            0.012463507920100377
        ],
        [
            -0.021097933890659826,
            0.9996829539509232,
            0.013742953303696674,
            -7.448265688125203e-06
        ],
        [
            0.7025833626130494,
            0.00504539732668061,
            0.7115835597771776,
            0.0040340304033249725
        ],
        [
            0.0,
            0.0,
            0.0,
            1.0
        ]
    ]
}