{
    "pair": "090_180",
    "fitness": 0.5689127357714211,
    "rmse": 0.003908252002031415,
    "matrix": [
        [
            -0.8156186947770399,
            -0.2759015890200277,
            0.5085709959351102,
            0.05996256151610658
        ],
        [
            0.5209765725243315,
            -0.7325697962306029,
            0.43809234703593664,
            0.16031242287686873
        ],
        [
            0.25169337617625004,
            0.6222698826288204,
            0.7412358852363564,
            -0.07337412950204802
        ],
        [
            0.0,
            0.0,
            0.0,
            1.0
        ]
    ]
}