{
    "pair": "045_090",
    "fitness": 0.7908322318377934,
    "rmse": 0.002459384995525193,
    "matrix": [
        [
            0.5632140602079058,
            0.012431386201911051,
            -0.8262175155618691,
            0.009779616271714748
        ],
        [
            -0.0023379210891602336,
            0.9999067975996603,
            0.013451031149159822,
            0.00021971081345723535
        ],
        [
            0.826307725069247,
            -0.005644178513634478,
            0.5631906309055598,
            -0.053124809354446495
        ],
        [
            0.0,
            0.0,
            0.0,
            1.0
        ]
    ]
}