{
    "pair": "000_045",
    "fitness": 0.5931786565977742,
    "rmse": 0.004383479169034683,
    "matrix": [
        [
            -0.7393350290113783,
            -0.5410256013301443,
            -0.4008428789215258,
            0.048921084584434976
        ],
        [
            0.19407250143613067,
            -0.7412652150912803,
            0.642543185382895,
            0.16589025672895302
        ],
        [
            -0.644763196113944,
            0.39726210441096654,
            0.6530415310957659,
            -0.02481621775040877
        ],
        [
            0.0,
            0.0,
            0.0,
            1.0
        ]
    ]
}