{
    "pair": "180_270",
    "fitness": 0.6567538694690815,
    "rmse": 0.003343264388154679,
    "matrix": [
        [
            0.00914778223699155,
            -0.0013290087216918742,
            -0.9999572749952793,
            -0.0013260945228634547
        ],
        [
            -0.009310574950274233,
            0.9999556556594367,
            -0.0014141813207268305,
            0.00048378533178924265
        ],
        [
            0.9999148120086294,
            0.009323113778681022,
            0.00913500274931086,
            -0.0018765497499562424
        ],
        [
            0.0,
            0.0,
            0.0,
            1.0
        ]
    ]
}