{
    "pair": "090_180",
    "fitness": 0.6435037361335133,
    "rmse": 0.0032906731561455236,
    "matrix": [
        [
            0.01860240426780339,
            0.00553318033161259,
            -0.9998116494974835,
            -0.0009592724688664085
        ],
        [
            -0.05071179748258856,
            0.998702811190975,
            0.004583504699497934,
            -0.0004736693924200462
        ],
        [
            0.998540066372673,
            0.0506169816826655,
            0.018858870957573208,
            -0.004203652677895716
        ],
        [
            0.0,
            0.0,
            0.0,
            1.0
        ]
    ]
}