{
    "pair": "000_045",
    "fitness": 0.9802017090620032,
    "rmse": 0.0013379802911234286,
    "matrix": [
        [
            0.8262216057278253,
            0.004985358387264493,
            -0.5633231793831033,
            0.036466464012320045
        ],
        [
            -0.012771586336321182,
            0.9998695956753663,
            -0.009883229555032746,
            -0.00021684493414702677
        ],
        [
            0.5632004481629891,
            0.015360268413477133,
            0.8261775337923921,
            0.0379739929229716
        ],
        [
            0.0,
            0.0,
            0.0,
            1.0
        ]
    ]
}