{
    "pair": "270_315",
    "fitness": 0.8726538594997003,
    "rmse": 0.002198417303267471,
    "matrix": [
        [
            0.7112666182963783,
            0.024698142552876046,
            -0.7024882913271099,
            0.012462338430363594
        ],
        [
            -0.021162789936731864,
            0.9996819030406516,
            0.013719659438882634,
            -4.278153173527212e-06
        ],
        [
            0.7026036820422545,
            0.0051082763690970335,
            0.7115630481504851,
            0.0040289834646996606
        ],
        [
            0.0,
            0.0,
            0.0,
            1.0
        ]
    ]
}