{
    "pair": "045_090",
    "fitness": 0.7908322318377934,
    "rmse": 0.002459365162593134,
    "matrix": [
        [
            0.5632083861718303,
            0.012432371775538254,
            -0.8262213685676238,
            0.009779951731572655
        ],
        [
            -0.002345256406244637,
            0.99990683225462,
            0.01344717750768172,
            0.00021989924436988939
        ],
        [
            0.826311571695637,
            -0.005635862185055529,
            0.5631850704158601,
            -0.05312522922676924
        ],
        [
            0.0,
            0.0,
            0.0,
            1.0
        ]
    ]
}